Caso;sujeto;genero;condicion;trial;aciertos;y_dicot
1;1;hombre;0;1;31;1
2;1;hombre;0;2;12;0
3;1;hombre;0;3;19;0
4;1;hombre;0;4;24;1
5;1;hombre;0;5;17;0
6;1;hombre;0;6;17;0
7;1;hombre;0;7;28;1
8;1;hombre;0;8;16;0
9;1;hombre;0;9;11;0
10;1;hombre;0;10;23;1
11;1;hombre;0;11;30;1
12;1;hombre;0;12;21;1
13;1;hombre;0;13;18;0
14;1;hombre;0;14;20;1
15;1;hombre;0;15;18;0
16;1;hombre;0;16;24;1
17;1;hombre;0;17;20;1
18;1;hombre;0;18;13;0
19;1;hombre;1;19;31;1
20;1;hombre;1;20;26;1
21;1;hombre;1;21;27;1
22;1;hombre;1;22;22;1
23;1;hombre;1;23;21;1
24;1;hombre;1;24;25;1
25;1;hombre;1;25;22;1
26;1;hombre;1;26;25;1
27;1;hombre;1;27;27;1
28;1;hombre;1;28;25;1
29;1;hombre;1;29;23;1
30;1;hombre;1;30;26;1
31;1;hombre;1;31;22;1
32;1;hombre;1;32;25;1
33;1;hombre;1;33;21;1
34;1;hombre;1;34;23;1
35;1;hombre;1;35;21;1
36;1;hombre;1;36;23;1
37;2;hombre;0;1;22;1
38;2;hombre;0;2;18;0
39;2;hombre;0;3;23;1
40;2;hombre;0;4;23;1
41;2;hombre;0;5;17;0
42;2;hombre;0;6;21;1
43;2;hombre;0;7;30;1
44;2;hombre;0;8;22;1
45;2;hombre;0;9;17;0
46;2;hombre;0;10;20;1
47;2;hombre;0;11;20;1
48;2;hombre;0;12;22;1
49;2;hombre;0;13;21;1
50;2;hombre;0;14;20;1
51;2;hombre;0;15;18;0
52;2;hombre;0;16;20;1
53;2;hombre;0;17;20;1
54;2;hombre;0;18;23;1
55;2;hombre;1;19;31;1
56;2;hombre;1;20;18;0
57;2;hombre;1;21;25;1
58;2;hombre;1;22;24;1
59;2;hombre;1;23;27;1
60;2;hombre;1;24;29;1
61;2;hombre;1;25;19;0
62;2;hombre;1;26;26;1
63;2;hombre;1;27;22;1
64;2;hombre;1;28;20;1
65;2;hombre;1;29;29;1
66;2;hombre;1;30;22;1
67;2;hombre;1;31;20;1
68;2;hombre;1;32;27;1
69;2;hombre;1;33;26;1
70;2;hombre;1;34;26;1
71;2;hombre;1;35;21;1
72;2;hombre;1;36;16;0
73;3;hombre;0;1;27;1
74;3;hombre;0;2;19;0
75;3;hombre;0;3;24;1
76;3;hombre;0;4;14;0
77;3;hombre;0;5;20;1
78;3;hombre;0;6;22;1
79;3;hombre;0;7;28;1
80;3;hombre;0;8;24;1
81;3;hombre;0;9;12;0
82;3;hombre;0;10;29;1
83;3;hombre;0;11;29;1
84;3;hombre;0;12;27;1
85;3;hombre;0;13;25;1
86;3;hombre;0;14;22;1
87;3;hombre;0;15;23;1
88;3;hombre;0;16;20;1
89;3;hombre;0;17;18;0
90;3;hombre;0;18;20;1
91;3;hombre;1;19;27;1
92;3;hombre;1;20;23;1
93;3;hombre;1;21;27;1
94;3;hombre;1;22;26;1
95;3;hombre;1;23;22;1
96;3;hombre;1;24;25;1
97;3;hombre;1;25;24;1
98;3;hombre;1;26;27;1
99;3;hombre;1;27;23;1
100;3;hombre;1;28;18;0
101;3;hombre;1;29;24;1
102;3;hombre;1;30;24;1
103;3;hombre;1;31;20;1
104;3;hombre;1;32;24;1
105;3;hombre;1;33;21;1
106;3;hombre;1;34;25;1
107;3;hombre;1;35;19;0
108;3;hombre;1;36;27;1
109;4;hombre;0;1;22;1
110;4;hombre;0;2;18;0
111;4;hombre;0;3;20;1
112;4;hombre;0;4;18;0
113;4;hombre;0;5;19;0
114;4;hombre;0;6;18;0
115;4;hombre;0;7;21;1
116;4;hombre;0;8;15;0
117;4;hombre;0;9;12;0
118;4;hombre;0;10;25;1
119;4;hombre;0;11;26;1
120;4;hombre;0;12;24;1
121;4;hombre;0;13;25;1
122;4;hombre;0;14;21;1
123;4;hombre;0;15;23;1
124;4;hombre;0;16;22;1
125;4;hombre;0;17;17;0
126;4;hombre;0;18;20;1
127;4;hombre;1;19;27;1
128;4;hombre;1;20;19;0
129;4;hombre;1;21;27;1
130;4;hombre;1;22;20;1
131;4;hombre;1;23;25;1
132;4;hombre;1;24;27;1
133;4;hombre;1;25;22;1
134;4;hombre;1;26;26;1
135;4;hombre;1;27;19;0
136;4;hombre;1;28;16;0
137;4;hombre;1;29;21;1
138;4;hombre;1;30;22;1
139;4;hombre;1;31;25;1
140;4;hombre;1;32;21;1
141;4;hombre;1;33;21;1
142;4;hombre;1;34;24;1
143;4;hombre;1;35;20;1
144;4;hombre;1;36;28;1
145;5;hombre;0;1;22;1
146;5;hombre;0;2;20;1
147;5;hombre;0;3;23;1
148;5;hombre;0;4;13;0
149;5;hombre;0;5;23;1
150;5;hombre;0;6;19;0
151;5;hombre;0;7;22;1
152;5;hombre;0;8;17;0
153;5;hombre;0;9;14;0
154;5;hombre;0;10;19;0
155;5;hombre;0;11;17;0
156;5;hombre;0;12;16;0
157;5;hombre;0;13;18;0
158;5;hombre;0;14;21;1
159;5;hombre;0;15;20;1
160;5;hombre;0;16;21;1
161;5;hombre;0;17;21;1
162;5;hombre;0;18;12;0
163;5;hombre;1;19;21;1
164;5;hombre;1;20;18;0
165;5;hombre;1;21;22;1
166;5;hombre;1;22;16;0
167;5;hombre;1;23;20;1
168;5;hombre;1;24;20;1
169;5;hombre;1;25;14;0
170;5;hombre;1;26;20;1
171;5;hombre;1;27;17;0
172;5;hombre;1;28;20;1
173;5;hombre;1;29;17;0
174;5;hombre;1;30;11;0
175;5;hombre;1;31;21;1
176;5;hombre;1;32;16;0
177;5;hombre;1;33;17;0
178;5;hombre;1;34;20;1
179;5;hombre;1;35;18;0
180;5;hombre;1;36;17;0
181;6;hombre;0;1;28;1
182;6;hombre;0;2;19;0
183;6;hombre;0;3;23;1
184;6;hombre;0;4;17;0
185;6;hombre;0;5;15;0
186;6;hombre;0;6;21;1
187;6;hombre;0;7;26;1
188;6;hombre;0;8;20;1
189;6;hombre;0;9;13;0
190;6;hombre;0;10;23;1
191;6;hombre;0;11;25;1
192;6;hombre;0;12;20;1
193;6;hombre;0;13;20;1
194;6;hombre;0;14;22;1
195;6;hombre;0;15;25;1
196;6;hombre;0;16;21;1
197;6;hombre;0;17;23;1
198;6;hombre;0;18;20;1
199;6;hombre;1;19;29;1
200;6;hombre;1;20;24;1
201;6;hombre;1;21;23;1
202;6;hombre;1;22;25;1
203;6;hombre;1;23;21;1
204;6;hombre;1;24;25;1
205;6;hombre;1;25;26;1
206;6;hombre;1;26;25;1
207;6;hombre;1;27;26;1
208;6;hombre;1;28;22;1
209;6;hombre;1;29;22;1
210;6;hombre;1;30;21;1
211;6;hombre;1;31;22;1
212;6;hombre;1;32;26;1
213;6;hombre;1;33;24;1
214;6;hombre;1;34;22;1
215;6;hombre;1;35;23;1
216;6;hombre;1;36;28;1
217;7;hombre;0;1;24;1
218;7;hombre;0;2;20;1
219;7;hombre;0;3;19;0
220;7;hombre;0;4;20;1
221;7;hombre;0;5;14;0
222;7;hombre;0;6;26;1
223;7;hombre;0;7;20;1
224;7;hombre;0;8;12;0
225;7;hombre;0;9;18;0
226;7;hombre;0;10;19;0
227;7;hombre;0;11;26;1
228;7;hombre;0;12;10;0
229;7;hombre;0;13;17;0
230;7;hombre;0;14;17;0
231;7;hombre;0;15;13;0
232;7;hombre;0;16;16;0
233;7;hombre;0;17;19;0
234;7;hombre;0;18;21;1
235;7;hombre;1;19;31;1
236;7;hombre;1;20;18;0
237;7;hombre;1;21;28;1
238;7;hombre;1;22;20;1
239;7;hombre;1;23;26;1
240;7;hombre;1;24;24;1
241;7;hombre;1;25;18;0
242;7;hombre;1;26;23;1
243;7;hombre;1;27;16;0
244;7;hombre;1;28;19;0
245;7;hombre;1;29;14;0
246;7;hombre;1;30;17;0
247;7;hombre;1;31;17;0
248;7;hombre;1;32;21;1
249;7;hombre;1;33;17;0
250;7;hombre;1;34;19;0
251;7;hombre;1;35;20;1
252;7;hombre;1;36;21;1
253;8;hombre;0;1;29;1
254;8;hombre;0;2;24;1
255;8;hombre;0;3;22;1
256;8;hombre;0;4;25;1
257;8;hombre;0;5;21;1
258;8;hombre;0;6;23;1
259;8;hombre;0;7;26;1
260;8;hombre;0;8;25;1
261;8;hombre;0;9;19;0
262;8;hombre;0;10;30;1
263;8;hombre;0;11;29;1
264;8;hombre;0;12;16;0
265;8;hombre;0;13;24;1
266;8;hombre;0;14;23;1
267;8;hombre;0;15;30;1
268;8;hombre;0;16;27;1
269;8;hombre;0;17;29;1
270;8;hombre;0;18;24;1
271;8;hombre;1;19;29;1
272;8;hombre;1;20;24;1
273;8;hombre;1;21;27;1
274;8;hombre;1;22;27;1
275;8;hombre;1;23;29;1
276;8;hombre;1;24;34;1
277;8;hombre;1;25;19;0
278;8;hombre;1;26;26;1
279;8;hombre;1;27;22;1
280;8;hombre;1;28;24;1
281;8;hombre;1;29;20;1
282;8;hombre;1;30;19;0
283;8;hombre;1;31;28;1
284;8;hombre;1;32;21;1
285;8;hombre;1;33;31;1
286;8;hombre;1;34;27;1
287;8;hombre;1;35;24;1
288;8;hombre;1;36;24;1
289;9;hombre;0;1;17;0
290;9;hombre;0;2;15;0
291;9;hombre;0;3;14;0
292;9;hombre;0;4;14;0
293;9;hombre;0;5;13;0
294;9;hombre;0;6;12;0
295;9;hombre;0;7;21;1
296;9;hombre;0;8;11;0
297;9;hombre;0;9;9;0
298;9;hombre;0;10;22;1
299;9;hombre;0;11;17;0
300;9;hombre;0;12;10;0
301;9;hombre;0;13;12;0
302;9;hombre;0;14;18;0
303;9;hombre;0;15;16;0
304;9;hombre;0;16;17;0
305;9;hombre;0;17;10;0
306;9;hombre;0;18;16;0
307;9;hombre;1;19;19;0
308;9;hombre;1;20;16;0
309;9;hombre;1;21;12;0
310;9;hombre;1;22;14;0
311;9;hombre;1;23;20;1
312;9;hombre;1;24;22;1
313;9;hombre;1;25;15;0
314;9;hombre;1;26;16;0
315;9;hombre;1;27;15;0
316;9;hombre;1;28;9;0
317;9;hombre;1;29;11;0
318;9;hombre;1;30;10;0
319;9;hombre;1;31;15;0
320;9;hombre;1;32;13;0
321;9;hombre;1;33;15;0
322;9;hombre;1;34;14;0
323;9;hombre;1;35;12;0
324;9;hombre;1;36;9;0
325;10;hombre;0;1;26;1
326;10;hombre;0;2;20;1
327;10;hombre;0;3;25;1
328;10;hombre;0;4;25;1
329;10;hombre;0;5;20;1
330;10;hombre;0;6;25;1
331;10;hombre;0;7;27;1
332;10;hombre;0;8;19;0
333;10;hombre;0;9;20;1
334;10;hombre;0;10;21;1
335;10;hombre;0;11;24;1
336;10;hombre;0;12;15;0
337;10;hombre;0;13;20;1
338;10;hombre;0;14;22;1
339;10;hombre;0;15;15;0
340;10;hombre;0;16;28;1
341;10;hombre;0;17;22;1
342;10;hombre;0;18;16;0
343;10;hombre;1;19;31;1
344;10;hombre;1;20;23;1
345;10;hombre;1;21;18;0
346;10;hombre;1;22;27;1
347;10;hombre;1;23;28;1
348;10;hombre;1;24;22;1
349;10;hombre;1;25;22;1
350;10;hombre;1;26;23;1
351;10;hombre;1;27;18;0
352;10;hombre;1;28;16;0
353;10;hombre;1;29;24;1
354;10;hombre;1;30;24;1
355;10;hombre;1;31;22;1
356;10;hombre;1;32;25;1
357;10;hombre;1;33;24;1
358;10;hombre;1;34;23;1
359;10;hombre;1;35;13;0
360;10;hombre;1;36;19;0
361;11;hombre;0;1;23;1
362;11;hombre;0;2;16;0
363;11;hombre;0;3;27;1
364;11;hombre;0;4;19;0
365;11;hombre;0;5;21;1
366;11;hombre;0;6;20;1
367;11;hombre;0;7;21;1
368;11;hombre;0;8;12;0
369;11;hombre;0;9;18;0
370;11;hombre;0;10;19;0
371;11;hombre;0;11;25;1
372;11;hombre;0;12;15;0
373;11;hombre;0;13;15;0
374;11;hombre;0;14;26;1
375;11;hombre;0;15;22;1
376;11;hombre;0;16;24;1
377;11;hombre;0;17;22;1
378;11;hombre;0;18;15;0
379;11;hombre;1;19;31;1
380;11;hombre;1;20;24;1
381;11;hombre;1;21;27;1
382;11;hombre;1;22;24;1
383;11;hombre;1;23;25;1
384;11;hombre;1;24;25;1
385;11;hombre;1;25;18;0
386;11;hombre;1;26;21;1
387;11;hombre;1;27;19;0
388;11;hombre;1;28;21;1
389;11;hombre;1;29;27;1
390;11;hombre;1;30;27;1
391;11;hombre;1;31;16;0
392;11;hombre;1;32;23;1
393;11;hombre;1;33;23;1
394;11;hombre;1;34;22;1
395;11;hombre;1;35;20;1
396;11;hombre;1;36;17;0
397;12;hombre;0;1;22;1
398;12;hombre;0;2;17;0
399;12;hombre;0;3;21;1
400;12;hombre;0;4;19;0
401;12;hombre;0;5;15;0
402;12;hombre;0;6;12;0
403;12;hombre;0;7;24;1
404;12;hombre;0;8;14;0
405;12;hombre;0;9;10;0
406;12;hombre;0;10;21;1
407;12;hombre;0;11;20;1
408;12;hombre;0;12;14;0
409;12;hombre;0;13;16;0
410;12;hombre;0;14;16;0
411;12;hombre;0;15;18;0
412;12;hombre;0;16;17;0
413;12;hombre;0;17;17;0
414;12;hombre;0;18;17;0
415;12;hombre;1;19;27;1
416;12;hombre;1;20;14;0
417;12;hombre;1;21;27;1
418;12;hombre;1;22;18;0
419;12;hombre;1;23;25;1
420;12;hombre;1;24;31;1
421;12;hombre;1;25;18;0
422;12;hombre;1;26;27;1
423;12;hombre;1;27;15;0
424;12;hombre;1;28;20;1
425;12;hombre;1;29;23;1
426;12;hombre;1;30;21;1
427;12;hombre;1;31;23;1
428;12;hombre;1;32;18;0
429;12;hombre;1;33;17;0
430;12;hombre;1;34;23;1
431;12;hombre;1;35;18;0
432;12;hombre;1;36;26;1
433;13;hombre;0;1;21;1
434;13;hombre;0;2;21;1
435;13;hombre;0;3;22;1
436;13;hombre;0;4;21;1
437;13;hombre;0;5;23;1
438;13;hombre;0;6;21;1
439;13;hombre;0;7;26;1
440;13;hombre;0;8;22;1
441;13;hombre;0;9;16;0
442;13;hombre;0;10;19;0
443;13;hombre;0;11;24;1
444;13;hombre;0;12;21;1
445;13;hombre;0;13;27;1
446;13;hombre;0;14;17;0
447;13;hombre;0;15;21;1
448;13;hombre;0;16;22;1
449;13;hombre;0;17;19;0
450;13;hombre;0;18;17;0
451;13;hombre;1;19;29;1
452;13;hombre;1;20;20;1
453;13;hombre;1;21;29;1
454;13;hombre;1;22;27;1
455;13;hombre;1;23;28;1
456;13;hombre;1;24;27;1
457;13;hombre;1;25;22;1
458;13;hombre;1;26;26;1
459;13;hombre;1;27;20;1
460;13;hombre;1;28;18;0
461;13;hombre;1;29;23;1
462;13;hombre;1;30;19;0
463;13;hombre;1;31;28;1
464;13;hombre;1;32;30;1
465;13;hombre;1;33;31;1
466;13;hombre;1;34;20;1
467;13;hombre;1;35;23;1
468;13;hombre;1;36;22;1
469;14;hombre;0;1;26;1
470;14;hombre;0;2;23;1
471;14;hombre;0;3;19;0
472;14;hombre;0;4;17;0
473;14;hombre;0;5;12;0
474;14;hombre;0;6;19;0
475;14;hombre;0;7;22;1
476;14;hombre;0;8;21;1
477;14;hombre;0;9;18;0
478;14;hombre;0;10;19;0
479;14;hombre;0;11;19;0
480;14;hombre;0;12;20;1
481;14;hombre;0;13;20;1
482;14;hombre;0;14;19;0
483;14;hombre;0;15;21;1
484;14;hombre;0;16;16;0
485;14;hombre;0;17;15;0
486;14;hombre;0;18;18;0
487;14;hombre;1;19;29;1
488;14;hombre;1;20;22;1
489;14;hombre;1;21;23;1
490;14;hombre;1;22;23;1
491;14;hombre;1;23;29;1
492;14;hombre;1;24;21;1
493;14;hombre;1;25;13;0
494;14;hombre;1;26;23;1
495;14;hombre;1;27;15;0
496;14;hombre;1;28;16;0
497;14;hombre;1;29;17;0
498;14;hombre;1;30;18;0
499;14;hombre;1;31;22;1
500;14;hombre;1;32;20;1
501;14;hombre;1;33;16;0
502;14;hombre;1;34;21;1
503;14;hombre;1;35;18;0
504;14;hombre;1;36;21;1
505;15;hombre;0;1;29;1
506;15;hombre;0;2;22;1
507;15;hombre;0;3;21;1
508;15;hombre;0;4;22;1
509;15;hombre;0;5;20;1
510;15;hombre;0;6;19;0
511;15;hombre;0;7;22;1
512;15;hombre;0;8;18;0
513;15;hombre;0;9;16;0
514;15;hombre;0;10;20;1
515;15;hombre;0;11;25;1
516;15;hombre;0;12;17;0
517;15;hombre;0;13;17;0
518;15;hombre;0;14;23;1
519;15;hombre;0;15;17;0
520;15;hombre;0;16;25;1
521;15;hombre;0;17;22;1
522;15;hombre;0;18;19;0
523;15;hombre;1;19;22;1
524;15;hombre;1;20;22;1
525;15;hombre;1;21;31;1
526;15;hombre;1;22;17;0
527;15;hombre;1;23;24;1
528;15;hombre;1;24;21;1
529;15;hombre;1;25;25;1
530;15;hombre;1;26;27;1
531;15;hombre;1;27;24;1
532;15;hombre;1;28;18;0
533;15;hombre;1;29;20;1
534;15;hombre;1;30;24;1
535;15;hombre;1;31;25;1
536;15;hombre;1;32;18;0
537;15;hombre;1;33;26;1
538;15;hombre;1;34;19;0
539;15;hombre;1;35;22;1
540;15;hombre;1;36;26;1
541;16;hombre;0;1;32;1
542;16;hombre;0;2;21;1
543;16;hombre;0;3;20;1
544;16;hombre;0;4;21;1
545;16;hombre;0;5;24;1
546;16;hombre;0;6;18;0
547;16;hombre;0;7;25;1
548;16;hombre;0;8;16;0
549;16;hombre;0;9;21;1
550;16;hombre;0;10;22;1
551;16;hombre;0;11;23;1
552;16;hombre;0;12;21;1
553;16;hombre;0;13;24;1
554;16;hombre;0;14;20;1
555;16;hombre;0;15;25;1
556;16;hombre;0;16;24;1
557;16;hombre;0;17;24;1
558;16;hombre;0;18;16;0
559;16;hombre;1;19;27;1
560;16;hombre;1;20;18;0
561;16;hombre;1;21;17;0
562;16;hombre;1;22;24;1
563;16;hombre;1;23;19;0
564;16;hombre;1;24;26;1
565;16;hombre;1;25;12;0
566;16;hombre;1;26;26;1
567;16;hombre;1;27;22;1
568;16;hombre;1;28;23;1
569;16;hombre;1;29;17;0
570;16;hombre;1;30;18;0
571;16;hombre;1;31;21;1
572;16;hombre;1;32;24;1
573;16;hombre;1;33;19;0
574;16;hombre;1;34;24;1
575;16;hombre;1;35;19;0
576;16;hombre;1;36;20;1
577;17;hombre;0;1;18;0
578;17;hombre;0;2;17;0
579;17;hombre;0;3;22;1
580;17;hombre;0;4;13;0
581;17;hombre;0;5;12;0
582;17;hombre;0;6;14;0
583;17;hombre;0;7;18;0
584;17;hombre;0;8;12;0
585;17;hombre;0;9;9;0
586;17;hombre;0;10;20;1
587;17;hombre;0;11;21;1
588;17;hombre;0;12;19;0
589;17;hombre;0;13;18;0
590;17;hombre;0;14;14;0
591;17;hombre;0;15;11;0
592;17;hombre;0;16;17;0
593;17;hombre;0;17;18;0
594;17;hombre;0;18;17;0
595;17;hombre;1;19;22;1
596;17;hombre;1;20;24;1
597;17;hombre;1;21;24;1
598;17;hombre;1;22;22;1
599;17;hombre;1;23;25;1
600;17;hombre;1;24;23;1
601;17;hombre;1;25;20;1
602;17;hombre;1;26;27;1
603;17;hombre;1;27;16;0
604;17;hombre;1;28;18;0
605;17;hombre;1;29;17;0
606;17;hombre;1;30;17;0
607;17;hombre;1;31;20;1
608;17;hombre;1;32;20;1
609;17;hombre;1;33;23;1
610;17;hombre;1;34;18;0
611;17;hombre;1;35;17;0
612;17;hombre;1;36;15;0
613;18;hombre;0;1;25;1
614;18;hombre;0;2;18;0
615;18;hombre;0;3;23;1
616;18;hombre;0;4;12;0
617;18;hombre;0;5;15;0
618;18;hombre;0;6;19;0
619;18;hombre;0;7;23;1
620;18;hombre;0;8;19;0
621;18;hombre;0;9;16;0
622;18;hombre;0;10;24;1
623;18;hombre;0;11;25;1
624;18;hombre;0;12;18;0
625;18;hombre;0;13;17;0
626;18;hombre;0;14;20;1
627;18;hombre;0;15;22;1
628;18;hombre;0;16;17;0
629;18;hombre;0;17;23;1
630;18;hombre;0;18;21;1
631;18;hombre;1;19;24;1
632;18;hombre;1;20;25;1
633;18;hombre;1;21;26;1
634;18;hombre;1;22;22;1
635;18;hombre;1;23;22;1
636;18;hombre;1;24;20;1
637;18;hombre;1;25;19;0
638;18;hombre;1;26;24;1
639;18;hombre;1;27;23;1
640;18;hombre;1;28;11;0
641;18;hombre;1;29;18;0
642;18;hombre;1;30;22;1
643;18;hombre;1;31;27;1
644;18;hombre;1;32;22;1
645;18;hombre;1;33;12;0
646;18;hombre;1;34;20;1
647;18;hombre;1;35;20;1
648;18;hombre;1;36;21;1
649;19;hombre;0;1;23;1
650;19;hombre;0;2;22;1
651;19;hombre;0;3;22;1
652;19;hombre;0;4;16;0
653;19;hombre;0;5;12;0
654;19;hombre;0;6;26;1
655;19;hombre;0;7;23;1
656;19;hombre;0;8;17;0
657;19;hombre;0;9;19;0
658;19;hombre;0;10;18;0
659;19;hombre;0;11;23;1
660;19;hombre;0;12;20;1
661;19;hombre;0;13;15;0
662;19;hombre;0;14;22;1
663;19;hombre;0;15;21;1
664;19;hombre;0;16;23;1
665;19;hombre;0;17;22;1
666;19;hombre;0;18;16;0
667;19;hombre;1;19;30;1
668;19;hombre;1;20;21;1
669;19;hombre;1;21;26;1
670;19;hombre;1;22;20;1
671;19;hombre;1;23;24;1
672;19;hombre;1;24;24;1
673;19;hombre;1;25;24;1
674;19;hombre;1;26;23;1
675;19;hombre;1;27;18;0
676;19;hombre;1;28;19;0
677;19;hombre;1;29;23;1
678;19;hombre;1;30;25;1
679;19;hombre;1;31;31;1
680;19;hombre;1;32;29;1
681;19;hombre;1;33;21;1
682;19;hombre;1;34;27;1
683;19;hombre;1;35;17;0
684;19;hombre;1;36;22;1
685;20;hombre;0;1;17;0
686;20;hombre;0;2;19;0
687;20;hombre;0;3;21;1
688;20;hombre;0;4;14;0
689;20;hombre;0;5;16;0
690;20;hombre;0;6;21;1
691;20;hombre;0;7;21;1
692;20;hombre;0;8;19;0
693;20;hombre;0;9;10;0
694;20;hombre;0;10;28;1
695;20;hombre;0;11;25;1
696;20;hombre;0;12;21;1
697;20;hombre;0;13;21;1
698;20;hombre;0;14;19;0
699;20;hombre;0;15;18;0
700;20;hombre;0;16;19;0
701;20;hombre;0;17;21;1
702;20;hombre;0;18;15;0
703;20;hombre;1;19;24;1
704;20;hombre;1;20;21;1
705;20;hombre;1;21;28;1
706;20;hombre;1;22;24;1
707;20;hombre;1;23;23;1
708;20;hombre;1;24;33;1
709;20;hombre;1;25;16;0
710;20;hombre;1;26;25;1
711;20;hombre;1;27;17;0
712;20;hombre;1;28;19;0
713;20;hombre;1;29;28;1
714;20;hombre;1;30;18;0
715;20;hombre;1;31;21;1
716;20;hombre;1;32;22;1
717;20;hombre;1;33;22;1
718;20;hombre;1;34;24;1
719;20;hombre;1;35;18;0
720;20;hombre;1;36;22;1
721;21;hombre;0;1;30;1
722;21;hombre;0;2;21;1
723;21;hombre;0;3;22;1
724;21;hombre;0;4;25;1
725;21;hombre;0;5;15;0
726;21;hombre;0;6;19;0
727;21;hombre;0;7;26;1
728;21;hombre;0;8;19;0
729;21;hombre;0;9;15;0
730;21;hombre;0;10;21;1
731;21;hombre;0;11;25;1
732;21;hombre;0;12;24;1
733;21;hombre;0;13;19;0
734;21;hombre;0;14;22;1
735;21;hombre;0;15;22;1
736;21;hombre;0;16;22;1
737;21;hombre;0;17;28;1
738;21;hombre;0;18;21;1
739;21;hombre;1;19;29;1
740;21;hombre;1;20;22;1
741;21;hombre;1;21;30;1
742;21;hombre;1;22;22;1
743;21;hombre;1;23;26;1
744;21;hombre;1;24;29;1
745;21;hombre;1;25;24;1
746;21;hombre;1;26;21;1
747;21;hombre;1;27;25;1
748;21;hombre;1;28;19;0
749;21;hombre;1;29;22;1
750;21;hombre;1;30;23;1
751;21;hombre;1;31;29;1
752;21;hombre;1;32;20;1
753;21;hombre;1;33;24;1
754;21;hombre;1;34;27;1
755;21;hombre;1;35;21;1
756;21;hombre;1;36;26;1
757;22;hombre;0;1;20;1
758;22;hombre;0;2;22;1
759;22;hombre;0;3;23;1
760;22;hombre;0;4;19;0
761;22;hombre;0;5;14;0
762;22;hombre;0;6;22;1
763;22;hombre;0;7;23;1
764;22;hombre;0;8;15;0
765;22;hombre;0;9;6;0
766;22;hombre;0;10;19;0
767;22;hombre;0;11;20;1
768;22;hombre;0;12;25;1
769;22;hombre;0;13;20;1
770;22;hombre;0;14;17;0
771;22;hombre;0;15;17;0
772;22;hombre;0;16;28;1
773;22;hombre;0;17;22;1
774;22;hombre;0;18;21;1
775;22;hombre;1;19;25;1
776;22;hombre;1;20;28;1
777;22;hombre;1;21;23;1
778;22;hombre;1;22;20;1
779;22;hombre;1;23;22;1
780;22;hombre;1;24;20;1
781;22;hombre;1;25;15;0
782;22;hombre;1;26;23;1
783;22;hombre;1;27;19;0
784;22;hombre;1;28;23;1
785;22;hombre;1;29;20;1
786;22;hombre;1;30;21;1
787;22;hombre;1;31;28;1
788;22;hombre;1;32;20;1
789;22;hombre;1;33;25;1
790;22;hombre;1;34;22;1
791;22;hombre;1;35;25;1
792;22;hombre;1;36;26;1
793;23;hombre;0;1;19;0
794;23;hombre;0;2;20;1
795;23;hombre;0;3;23;1
796;23;hombre;0;4;14;0
797;23;hombre;0;5;16;0
798;23;hombre;0;6;26;1
799;23;hombre;0;7;22;1
800;23;hombre;0;8;18;0
801;23;hombre;0;9;13;0
802;23;hombre;0;10;18;0
803;23;hombre;0;11;25;1
804;23;hombre;0;12;20;1
805;23;hombre;0;13;17;0
806;23;hombre;0;14;15;0
807;23;hombre;0;15;20;1
808;23;hombre;0;16;20;1
809;23;hombre;0;17;22;1
810;23;hombre;0;18;20;1
811;23;hombre;1;19;32;1
812;23;hombre;1;20;24;1
813;23;hombre;1;21;22;1
814;23;hombre;1;22;24;1
815;23;hombre;1;23;24;1
816;23;hombre;1;24;27;1
817;23;hombre;1;25;21;1
818;23;hombre;1;26;23;1
819;23;hombre;1;27;29;1
820;23;hombre;1;28;21;1
821;23;hombre;1;29;25;1
822;23;hombre;1;30;22;1
823;23;hombre;1;31;18;0
824;23;hombre;1;32;19;0
825;23;hombre;1;33;21;1
826;23;hombre;1;34;20;1
827;23;hombre;1;35;19;0
828;23;hombre;1;36;25;1
829;24;hombre;0;1;28;1
830;24;hombre;0;2;18;0
831;24;hombre;0;3;22;1
832;24;hombre;0;4;17;0
833;24;hombre;0;5;20;1
834;24;hombre;0;6;18;0
835;24;hombre;0;7;30;1
836;24;hombre;0;8;22;1
837;24;hombre;0;9;16;0
838;24;hombre;0;10;25;1
839;24;hombre;0;11;20;1
840;24;hombre;0;12;15;0
841;24;hombre;0;13;21;1
842;24;hombre;0;14;25;1
843;24;hombre;0;15;21;1
844;24;hombre;0;16;25;1
845;24;hombre;0;17;21;1
846;24;hombre;0;18;16;0
847;24;hombre;1;19;30;1
848;24;hombre;1;20;27;1
849;24;hombre;1;21;36;1
850;24;hombre;1;22;17;0
851;24;hombre;1;23;18;0
852;24;hombre;1;24;26;1
853;24;hombre;1;25;19;0
854;24;hombre;1;26;27;1
855;24;hombre;1;27;20;1
856;24;hombre;1;28;22;1
857;24;hombre;1;29;24;1
858;24;hombre;1;30;20;1
859;24;hombre;1;31;24;1
860;24;hombre;1;32;23;1
861;24;hombre;1;33;24;1
862;24;hombre;1;34;19;0
863;24;hombre;1;35;15;0
864;24;hombre;1;36;24;1
865;25;hombre;0;1;30;1
866;25;hombre;0;2;19;0
867;25;hombre;0;3;22;1
868;25;hombre;0;4;24;1
869;25;hombre;0;5;16;0
870;25;hombre;0;6;14;0
871;25;hombre;0;7;21;1
872;25;hombre;0;8;14;0
873;25;hombre;0;9;11;0
874;25;hombre;0;10;25;1
875;25;hombre;0;11;25;1
876;25;hombre;0;12;19;0
877;25;hombre;0;13;24;1
878;25;hombre;0;14;21;1
879;25;hombre;0;15;20;1
880;25;hombre;0;16;23;1
881;25;hombre;0;17;18;0
882;25;hombre;0;18;22;1
883;25;hombre;1;19;21;1
884;25;hombre;1;20;18;0
885;25;hombre;1;21;23;1
886;25;hombre;1;22;19;0
887;25;hombre;1;23;19;0
888;25;hombre;1;24;21;1
889;25;hombre;1;25;21;1
890;25;hombre;1;26;20;1
891;25;hombre;1;27;18;0
892;25;hombre;1;28;17;0
893;25;hombre;1;29;14;0
894;25;hombre;1;30;17;0
895;25;hombre;1;31;23;1
896;25;hombre;1;32;21;1
897;25;hombre;1;33;22;1
898;25;hombre;1;34;20;1
899;25;hombre;1;35;18;0
900;25;hombre;1;36;22;1
901;26;mujer;0;1;21;1
902;26;mujer;0;2;21;1
903;26;mujer;0;3;24;1
904;26;mujer;0;4;17;0
905;26;mujer;0;5;14;0
906;26;mujer;0;6;17;0
907;26;mujer;0;7;18;0
908;26;mujer;0;8;12;0
909;26;mujer;0;9;15;0
910;26;mujer;0;10;27;1
911;26;mujer;0;11;25;1
912;26;mujer;0;12;17;0
913;26;mujer;0;13;17;0
914;26;mujer;0;14;20;1
915;26;mujer;0;15;22;1
916;26;mujer;0;16;19;0
917;26;mujer;0;17;22;1
918;26;mujer;0;18;21;1
919;26;mujer;1;19;31;1
920;26;mujer;1;20;22;1
921;26;mujer;1;21;20;1
922;26;mujer;1;22;22;1
923;26;mujer;1;23;19;0
924;26;mujer;1;24;16;0
925;26;mujer;1;25;20;1
926;26;mujer;1;26;23;1
927;26;mujer;1;27;15;0
928;26;mujer;1;28;20;1
929;26;mujer;1;29;21;1
930;26;mujer;1;30;14;0
931;26;mujer;1;31;24;1
932;26;mujer;1;32;15;0
933;26;mujer;1;33;20;1
934;26;mujer;1;34;22;1
935;26;mujer;1;35;18;0
936;26;mujer;1;36;16;0
937;27;mujer;0;1;25;1
938;27;mujer;0;2;20;1
939;27;mujer;0;3;31;1
940;27;mujer;0;4;19;0
941;27;mujer;0;5;13;0
942;27;mujer;0;6;23;1
943;27;mujer;0;7;27;1
944;27;mujer;0;8;25;1
945;27;mujer;0;9;15;0
946;27;mujer;0;10;22;1
947;27;mujer;0;11;21;1
948;27;mujer;0;12;23;1
949;27;mujer;0;13;19;0
950;27;mujer;0;14;24;1
951;27;mujer;0;15;25;1
952;27;mujer;0;16;28;1
953;27;mujer;0;17;23;1
954;27;mujer;0;18;21;1
955;27;mujer;1;19;38;1
956;27;mujer;1;20;26;1
957;27;mujer;1;21;22;1
958;27;mujer;1;22;26;1
959;27;mujer;1;23;18;0
960;27;mujer;1;24;26;1
961;27;mujer;1;25;19;0
962;27;mujer;1;26;33;1
963;27;mujer;1;27;22;1
964;27;mujer;1;28;19;0
965;27;mujer;1;29;21;1
966;27;mujer;1;30;20;1
967;27;mujer;1;31;23;1
968;27;mujer;1;32;25;1
969;27;mujer;1;33;27;1
970;27;mujer;1;34;20;1
971;27;mujer;1;35;24;1
972;27;mujer;1;36;23;1
973;28;mujer;0;1;23;1
974;28;mujer;0;2;19;0
975;28;mujer;0;3;21;1
976;28;mujer;0;4;14;0
977;28;mujer;0;5;14;0
978;28;mujer;0;6;18;0
979;28;mujer;0;7;22;1
980;28;mujer;0;8;15;0
981;28;mujer;0;9;21;1
982;28;mujer;0;10;26;1
983;28;mujer;0;11;19;0
984;28;mujer;0;12;20;1
985;28;mujer;0;13;17;0
986;28;mujer;0;14;18;0
987;28;mujer;0;15;21;1
988;28;mujer;0;16;19;0
989;28;mujer;0;17;18;0
990;28;mujer;0;18;17;0
991;28;mujer;1;19;24;1
992;28;mujer;1;20;16;0
993;28;mujer;1;21;22;1
994;28;mujer;1;22;19;0
995;28;mujer;1;23;25;1
996;28;mujer;1;24;22;1
997;28;mujer;1;25;14;0
998;28;mujer;1;26;20;1
999;28;mujer;1;27;23;1
1000;28;mujer;1;28;20;1
1001;28;mujer;1;29;23;1
1002;28;mujer;1;30;19;0
1003;28;mujer;1;31;23;1
1004;28;mujer;1;32;24;1
1005;28;mujer;1;33;23;1
1006;28;mujer;1;34;16;0
1007;28;mujer;1;35;14;0
1008;28;mujer;1;36;23;1
1009;29;mujer;0;1;23;1
1010;29;mujer;0;2;21;1
1011;29;mujer;0;3;18;0
1012;29;mujer;0;4;15;0
1013;29;mujer;0;5;14;0
1014;29;mujer;0;6;15;0
1015;29;mujer;0;7;23;1
1016;29;mujer;0;8;16;0
1017;29;mujer;0;9;6;0
1018;29;mujer;0;10;14;0
1019;29;mujer;0;11;23;1
1020;29;mujer;0;12;21;1
1021;29;mujer;0;13;19;0
1022;29;mujer;0;14;21;1
1023;29;mujer;0;15;18;0
1024;29;mujer;0;16;20;1
1025;29;mujer;0;17;28;1
1026;29;mujer;0;18;13;0
1027;29;mujer;1;19;25;1
1028;29;mujer;1;20;20;1
1029;29;mujer;1;21;25;1
1030;29;mujer;1;22;18;0
1031;29;mujer;1;23;25;1
1032;29;mujer;1;24;26;1
1033;29;mujer;1;25;23;1
1034;29;mujer;1;26;21;1
1035;29;mujer;1;27;21;1
1036;29;mujer;1;28;20;1
1037;29;mujer;1;29;23;1
1038;29;mujer;1;30;15;0
1039;29;mujer;1;31;16;0
1040;29;mujer;1;32;25;1
1041;29;mujer;1;33;21;1
1042;29;mujer;1;34;23;1
1043;29;mujer;1;35;19;0
1044;29;mujer;1;36;22;1
1045;30;mujer;0;1;24;1
1046;30;mujer;0;2;17;0
1047;30;mujer;0;3;22;1
1048;30;mujer;0;4;16;0
1049;30;mujer;0;5;19;0
1050;30;mujer;0;6;21;1
1051;30;mujer;0;7;22;1
1052;30;mujer;0;8;17;0
1053;30;mujer;0;9;12;0
1054;30;mujer;0;10;21;1
1055;30;mujer;0;11;17;0
1056;30;mujer;0;12;14;0
1057;30;mujer;0;13;14;0
1058;30;mujer;0;14;18;0
1059;30;mujer;0;15;20;1
1060;30;mujer;0;16;21;1
1061;30;mujer;0;17;18;0
1062;30;mujer;0;18;19;0
1063;30;mujer;1;19;19;0
1064;30;mujer;1;20;16;0
1065;30;mujer;1;21;20;1
1066;30;mujer;1;22;18;0
1067;30;mujer;1;23;23;1
1068;30;mujer;1;24;20;1
1069;30;mujer;1;25;16;0
1070;30;mujer;1;26;16;0
1071;30;mujer;1;27;19;0
1072;30;mujer;1;28;19;0
1073;30;mujer;1;29;17;0
1074;30;mujer;1;30;19;0
1075;30;mujer;1;31;22;1
1076;30;mujer;1;32;20;1
1077;30;mujer;1;33;20;1
1078;30;mujer;1;34;19;0
1079;30;mujer;1;35;21;1
1080;30;mujer;1;36;17;0
1081;31;mujer;0;1;25;1
1082;31;mujer;0;2;23;1
1083;31;mujer;0;3;22;1
1084;31;mujer;0;4;23;1
1085;31;mujer;0;5;17;0
1086;31;mujer;0;6;17;0
1087;31;mujer;0;7;21;1
1088;31;mujer;0;8;21;1
1089;31;mujer;0;9;16;0
1090;31;mujer;0;10;24;1
1091;31;mujer;0;11;18;0
1092;31;mujer;0;12;23;1
1093;31;mujer;0;13;24;1
1094;31;mujer;0;14;16;0
1095;31;mujer;0;15;23;1
1096;31;mujer;0;16;14;0
1097;31;mujer;0;17;22;1
1098;31;mujer;0;18;20;1
1099;31;mujer;1;19;28;1
1100;31;mujer;1;20;19;0
1101;31;mujer;1;21;16;0
1102;31;mujer;1;22;21;1
1103;31;mujer;1;23;22;1
1104;31;mujer;1;24;27;1
1105;31;mujer;1;25;15;0
1106;31;mujer;1;26;30;1
1107;31;mujer;1;27;19;0
1108;31;mujer;1;28;21;1
1109;31;mujer;1;29;24;1
1110;31;mujer;1;30;24;1
1111;31;mujer;1;31;20;1
1112;31;mujer;1;32;21;1
1113;31;mujer;1;33;21;1
1114;31;mujer;1;34;21;1
1115;31;mujer;1;35;18;0
1116;31;mujer;1;36;29;1
1117;32;mujer;0;1;16;0
1118;32;mujer;0;2;20;1
1119;32;mujer;0;3;19;0
1120;32;mujer;0;4;15;0
1121;32;mujer;0;5;11;0
1122;32;mujer;0;6;19;0
1123;32;mujer;0;7;22;1
1124;32;mujer;0;8;15;0
1125;32;mujer;0;9;15;0
1126;32;mujer;0;10;22;1
1127;32;mujer;0;11;25;1
1128;32;mujer;0;12;18;0
1129;32;mujer;0;13;16;0
1130;32;mujer;0;14;20;1
1131;32;mujer;0;15;20;1
1132;32;mujer;0;16;20;1
1133;32;mujer;0;17;14;0
1134;32;mujer;0;18;15;0
1135;32;mujer;1;19;24;1
1136;32;mujer;1;20;17;0
1137;32;mujer;1;21;18;0
1138;32;mujer;1;22;16;0
1139;32;mujer;1;23;19;0
1140;32;mujer;1;24;21;1
1141;32;mujer;1;25;19;0
1142;32;mujer;1;26;23;1
1143;32;mujer;1;27;18;0
1144;32;mujer;1;28;13;0
1145;32;mujer;1;29;20;1
1146;32;mujer;1;30;17;0
1147;32;mujer;1;31;16;0
1148;32;mujer;1;32;18;0
1149;32;mujer;1;33;22;1
1150;32;mujer;1;34;19;0
1151;32;mujer;1;35;12;0
1152;32;mujer;1;36;25;1
1153;33;mujer;0;1;24;1
1154;33;mujer;0;2;13;0
1155;33;mujer;0;3;21;1
1156;33;mujer;0;4;23;1
1157;33;mujer;0;5;13;0
1158;33;mujer;0;6;20;1
1159;33;mujer;0;7;22;1
1160;33;mujer;0;8;22;1
1161;33;mujer;0;9;14;0
1162;33;mujer;0;10;25;1
1163;33;mujer;0;11;23;1
1164;33;mujer;0;12;16;0
1165;33;mujer;0;13;20;1
1166;33;mujer;0;14;19;0
1167;33;mujer;0;15;24;1
1168;33;mujer;0;16;23;1
1169;33;mujer;0;17;27;1
1170;33;mujer;0;18;16;0
1171;33;mujer;1;19;26;1
1172;33;mujer;1;20;23;1
1173;33;mujer;1;21;27;1
1174;33;mujer;1;22;25;1
1175;33;mujer;1;23;22;1
1176;33;mujer;1;24;17;0
1177;33;mujer;1;25;27;1
1178;33;mujer;1;26;25;1
1179;33;mujer;1;27;19;0
1180;33;mujer;1;28;20;1
1181;33;mujer;1;29;22;1
1182;33;mujer;1;30;15;0
1183;33;mujer;1;31;21;1
1184;33;mujer;1;32;17;0
1185;33;mujer;1;33;23;1
1186;33;mujer;1;34;22;1
1187;33;mujer;1;35;18;0
1188;33;mujer;1;36;20;1
1189;34;mujer;0;1;23;1
1190;34;mujer;0;2;16;1
1191;34;mujer;0;3;23;1
1192;34;mujer;0;4;17;0
1193;34;mujer;0;5;21;1
1194;34;mujer;0;6;26;1
1195;34;mujer;0;7;23;1
1196;34;mujer;0;8;19;0
1197;34;mujer;0;9;11;0
1198;34;mujer;0;10;25;1
1199;34;mujer;0;11;18;0
1200;34;mujer;0;12;26;1
1201;34;mujer;0;13;26;1
1202;34;mujer;0;14;24;1
1203;34;mujer;0;15;19;0
1204;34;mujer;0;16;22;1
1205;34;mujer;0;17;22;1
1206;34;mujer;0;18;15;0
1207;34;mujer;1;19;36;1
1208;34;mujer;1;20;23;1
1209;34;mujer;1;21;31;1
1210;34;mujer;1;22;23;1
1211;34;mujer;1;23;29;1
1212;34;mujer;1;24;29;1
1213;34;mujer;1;25;17;0
1214;34;mujer;1;26;27;1
1215;34;mujer;1;27;25;1
1216;34;mujer;1;28;24;1
1217;34;mujer;1;29;23;1
1218;34;mujer;1;30;25;1
1219;34;mujer;1;31;29;1
1220;34;mujer;1;32;19;0
1221;34;mujer;1;33;32;1
1222;34;mujer;1;34;20;1
1223;34;mujer;1;35;19;0
1224;34;mujer;1;36;29;1
1225;35;mujer;0;1;20;1
1226;35;mujer;0;2;16;0
1227;35;mujer;0;3;23;1
1228;35;mujer;0;4;20;1
1229;35;mujer;0;5;16;0
1230;35;mujer;0;6;13;0
1231;35;mujer;0;7;18;0
1232;35;mujer;0;8;22;1
1233;35;mujer;0;9;8;0
1234;35;mujer;0;10;21;1
1235;35;mujer;0;11;20;1
1236;35;mujer;0;12;14;0
1237;35;mujer;0;13;16;0
1238;35;mujer;0;14;16;0
1239;35;mujer;0;15;16;0
1240;35;mujer;0;16;17;0
1241;35;mujer;0;17;15;0
1242;35;mujer;0;18;10;0
1243;35;mujer;1;19;22;1
1244;35;mujer;1;20;21;1
1245;35;mujer;1;21;22;1
1246;35;mujer;1;22;17;0
1247;35;mujer;1;23;18;0
1248;35;mujer;1;24;24;1
1249;35;mujer;1;25;18;0
1250;35;mujer;1;26;20;1
1251;35;mujer;1;27;14;0
1252;35;mujer;1;28;20;1
1253;35;mujer;1;29;10;0
1254;35;mujer;1;30;13;0
1255;35;mujer;1;31;21;1
1256;35;mujer;1;32;17;0
1257;35;mujer;1;33;13;0
1258;35;mujer;1;34;18;0
1259;35;mujer;1;35;18;0
1260;35;mujer;1;36;20;1
1261;36;mujer;0;1;19;0
1262;36;mujer;0;2;18;0
1263;36;mujer;0;3;19;0
1264;36;mujer;0;4;15;0
1265;36;mujer;0;5;22;1
1266;36;mujer;0;6;17;0
1267;36;mujer;0;7;21;1
1268;36;mujer;0;8;9;0
1269;36;mujer;0;9;9;0
1270;36;mujer;0;10;24;1
1271;36;mujer;0;11;23;1
1272;36;mujer;0;12;13;0
1273;36;mujer;0;13;13;0
1274;36;mujer;0;14;17;0
1275;36;mujer;0;15;11;0
1276;36;mujer;0;16;19;0
1277;36;mujer;0;17;14;0
1278;36;mujer;0;18;10;0
1279;36;mujer;1;19;28;1
1280;36;mujer;1;20;21;1
1281;36;mujer;1;21;22;1
1282;36;mujer;1;22;13;0
1283;36;mujer;1;23;17;0
1284;36;mujer;1;24;22;1
1285;36;mujer;1;25;15;0
1286;36;mujer;1;26;27;1
1287;36;mujer;1;27;16;0
1288;36;mujer;1;28;14;0
1289;36;mujer;1;29;19;0
1290;36;mujer;1;30;24;1
1291;36;mujer;1;31;16;0
1292;36;mujer;1;32;22;1
1293;36;mujer;1;33;14;0
1294;36;mujer;1;34;20;1
1295;36;mujer;1;35;20;1
1296;36;mujer;1;36;13;0
1297;37;mujer;0;1;21;1
1298;37;mujer;0;2;19;0
1299;37;mujer;0;3;19;0
1300;37;mujer;0;4;14;0
1301;37;mujer;0;5;13;0
1302;37;mujer;0;6;15;0
1303;37;mujer;0;7;23;1
1304;37;mujer;0;8;15;0
1305;37;mujer;0;9;11;0
1306;37;mujer;0;10;19;0
1307;37;mujer;0;11;16;0
1308;37;mujer;0;12;18;0
1309;37;mujer;0;13;12;0
1310;37;mujer;0;14;15;0
1311;37;mujer;0;15;18;0
1312;37;mujer;0;16;19;0
1313;37;mujer;0;17;22;1
1314;37;mujer;0;18;9;0
1315;37;mujer;1;19;21;1
1316;37;mujer;1;20;20;1
1317;37;mujer;1;21;19;0
1318;37;mujer;1;22;18;0
1319;37;mujer;1;23;10;0
1320;37;mujer;1;24;19;0
1321;37;mujer;1;25;18;0
1322;37;mujer;1;26;14;0
1323;37;mujer;1;27;17;0
1324;37;mujer;1;28;17;0
1325;37;mujer;1;29;16;0
1326;37;mujer;1;30;17;0
1327;37;mujer;1;31;21;1
1328;37;mujer;1;32;19;0
1329;37;mujer;1;33;17;0
1330;37;mujer;1;34;12;0
1331;37;mujer;1;35;9;0
1332;37;mujer;1;36;24;1
1333;38;mujer;0;1;25;1
1334;38;mujer;0;2;17;0
1335;38;mujer;0;3;23;1
1336;38;mujer;0;4;23;1
1337;38;mujer;0;5;24;1
1338;38;mujer;0;6;16;0
1339;38;mujer;0;7;23;1
1340;38;mujer;0;8;20;1
1341;38;mujer;0;9;13;0
1342;38;mujer;0;10;16;0
1343;38;mujer;0;11;23;1
1344;38;mujer;0;12;20;1
1345;38;mujer;0;13;21;1
1346;38;mujer;0;14;19;0
1347;38;mujer;0;15;21;1
1348;38;mujer;0;16;22;1
1349;38;mujer;0;17;14;0
1350;38;mujer;0;18;18;0
1351;38;mujer;1;19;29;1
1352;38;mujer;1;20;19;0
1353;38;mujer;1;21;23;1
1354;38;mujer;1;22;17;0
1355;38;mujer;1;23;25;1
1356;38;mujer;1;24;20;1
1357;38;mujer;1;25;17;0
1358;38;mujer;1;26;25;1
1359;38;mujer;1;27;10;0
1360;38;mujer;1;28;19;0
1361;38;mujer;1;29;19;0
1362;38;mujer;1;30;24;1
1363;38;mujer;1;31;23;1
1364;38;mujer;1;32;24;1
1365;38;mujer;1;33;19;0
1366;38;mujer;1;34;18;0
1367;38;mujer;1;35;21;1
1368;38;mujer;1;36;21;1
1369;39;mujer;0;1;20;1
1370;39;mujer;0;2;20;1
1371;39;mujer;0;3;18;0
1372;39;mujer;0;4;18;0
1373;39;mujer;0;5;18;0
1374;39;mujer;0;6;21;1
1375;39;mujer;0;7;16;0
1376;39;mujer;0;8;17;0
1377;39;mujer;0;9;10;0
1378;39;mujer;0;10;20;1
1379;39;mujer;0;11;21;1
1380;39;mujer;0;12;14;0
1381;39;mujer;0;13;14;0
1382;39;mujer;0;14;21;1
1383;39;mujer;0;15;22;1
1384;39;mujer;0;16;20;1
1385;39;mujer;0;17;17;0
1386;39;mujer;0;18;17;0
1387;39;mujer;1;19;22;1
1388;39;mujer;1;20;20;1
1389;39;mujer;1;21;22;1
1390;39;mujer;1;22;19;0
1391;39;mujer;1;23;20;1
1392;39;mujer;1;24;25;1
1393;39;mujer;1;25;12;0
1394;39;mujer;1;26;20;1
1395;39;mujer;1;27;22;1
1396;39;mujer;1;28;17;0
1397;39;mujer;1;29;20;1
1398;39;mujer;1;30;21;1
1399;39;mujer;1;31;17;0
1400;39;mujer;1;32;22;1
1401;39;mujer;1;33;25;1
1402;39;mujer;1;34;19;0
1403;39;mujer;1;35;22;1
1404;39;mujer;1;36;14;0
1405;40;mujer;0;1;20;1
1406;40;mujer;0;2;17;0
1407;40;mujer;0;3;24;1
1408;40;mujer;0;4;21;1
1409;40;mujer;0;5;15;0
1410;40;mujer;0;6;18;0
1411;40;mujer;0;7;23;1
1412;40;mujer;0;8;20;1
1413;40;mujer;0;9;11;0
1414;40;mujer;0;10;19;0
1415;40;mujer;0;11;19;0
1416;40;mujer;0;12;26;1
1417;40;mujer;0;13;20;1
1418;40;mujer;0;14;19;0
1419;40;mujer;0;15;20;1
1420;40;mujer;0;16;23;1
1421;40;mujer;0;17;21;1
1422;40;mujer;0;18;20;1
1423;40;mujer;1;19;28;1
1424;40;mujer;1;20;17;0
1425;40;mujer;1;21;25;1
1426;40;mujer;1;22;18;0
1427;40;mujer;1;23;27;1
1428;40;mujer;1;24;24;1
1429;40;mujer;1;25;20;1
1430;40;mujer;1;26;19;0
1431;40;mujer;1;27;26;1
1432;40;mujer;1;28;21;1
1433;40;mujer;1;29;19;0
1434;40;mujer;1;30;20;1
1435;40;mujer;1;31;23;1
1436;40;mujer;1;32;23;1
1437;40;mujer;1;33;23;1
1438;40;mujer;1;34;21;1
1439;40;mujer;1;35;19;0
1440;40;mujer;1;36;23;1
1441;41;mujer;0;1;25;1
1442;41;mujer;0;2;23;1
1443;41;mujer;0;3;29;1
1444;41;mujer;0;4;22;1
1445;41;mujer;0;5;17;0
1446;41;mujer;0;6;21;1
1447;41;mujer;0;7;25;1
1448;41;mujer;0;8;15;0
1449;41;mujer;0;9;14;0
1450;41;mujer;0;10;20;1
1451;41;mujer;0;11;18;0
1452;41;mujer;0;12;22;1
1453;41;mujer;0;13;17;0
1454;41;mujer;0;14;19;0
1455;41;mujer;0;15;21;1
1456;41;mujer;0;16;21;1
1457;41;mujer;0;17;27;1
1458;41;mujer;0;18;16;0
1459;41;mujer;1;19;27;1
1460;41;mujer;1;20;21;1
1461;41;mujer;1;21;27;1
1462;41;mujer;1;22;19;0
1463;41;mujer;1;23;21;1
1464;41;mujer;1;24;23;1
1465;41;mujer;1;25;13;0
1466;41;mujer;1;26;27;1
1467;41;mujer;1;27;23;1
1468;41;mujer;1;28;16;0
1469;41;mujer;1;29;16;0
1470;41;mujer;1;30;15;0
1471;41;mujer;1;31;24;1
1472;41;mujer;1;32;19;0
1473;41;mujer;1;33;23;1
1474;41;mujer;1;34;19;0
1475;41;mujer;1;35;21;1
1476;41;mujer;1;36;23;1
1477;42;mujer;0;1;16;0
1478;42;mujer;0;2;17;0
1479;42;mujer;0;3;18;0
1480;42;mujer;0;4;15;0
1481;42;mujer;0;5;10;0
1482;42;mujer;0;6;20;1
1483;42;mujer;0;7;18;0
1484;42;mujer;0;8;14;0
1485;42;mujer;0;9;10;0
1486;42;mujer;0;10;26;1
1487;42;mujer;0;11;22;1
1488;42;mujer;0;12;14;0
1489;42;mujer;0;13;11;0
1490;42;mujer;0;14;15;0
1491;42;mujer;0;15;14;0
1492;42;mujer;0;16;14;0
1493;42;mujer;0;17;16;0
1494;42;mujer;0;18;20;1
1495;42;mujer;1;19;25;1
1496;42;mujer;1;20;17;0
1497;42;mujer;1;21;17;0
1498;42;mujer;1;22;20;1
1499;42;mujer;1;23;16;0
1500;42;mujer;1;24;22;1
1501;42;mujer;1;25;17;0
1502;42;mujer;1;26;17;0
1503;42;mujer;1;27;14;0
1504;42;mujer;1;28;13;0
1505;42;mujer;1;29;18;0
1506;42;mujer;1;30;16;0
1507;42;mujer;1;31;22;1
1508;42;mujer;1;32;17;0
1509;42;mujer;1;33;19;0
1510;42;mujer;1;34;15;0
1511;42;mujer;1;35;16;0
1512;42;mujer;1;36;13;0
1513;43;mujer;0;1;27;1
1514;43;mujer;0;2;22;1
1515;43;mujer;0;3;28;1
1516;43;mujer;0;4;15;0
1517;43;mujer;0;5;22;1
1518;43;mujer;0;6;19;0
1519;43;mujer;0;7;26;1
1520;43;mujer;0;8;18;0
1521;43;mujer;0;9;9;0
1522;43;mujer;0;10;19;0
1523;43;mujer;0;11;17;0
1524;43;mujer;0;12;13;0
1525;43;mujer;0;13;20;1
1526;43;mujer;0;14;15;0
1527;43;mujer;0;15;18;0
1528;43;mujer;0;16;13;0
1529;43;mujer;0;17;18;0
1530;43;mujer;0;18;14;0
1531;43;mujer;1;19;25;1
1532;43;mujer;1;20;23;1
1533;43;mujer;1;21;25;1
1534;43;mujer;1;22;19;0
1535;43;mujer;1;23;28;1
1536;43;mujer;1;24;24;1
1537;43;mujer;1;25;13;0
1538;43;mujer;1;26;21;1
1539;43;mujer;1;27;17;0
1540;43;mujer;1;28;22;1
1541;43;mujer;1;29;18;0
1542;43;mujer;1;30;20;1
1543;43;mujer;1;31;18;0
1544;43;mujer;1;32;20;1
1545;43;mujer;1;33;21;1
1546;43;mujer;1;34;19;0
1547;43;mujer;1;35;20;1
1548;43;mujer;1;36;20;1
1549;44;mujer;0;1;26;1
1550;44;mujer;0;2;21;1
1551;44;mujer;0;3;24;1
1552;44;mujer;0;4;22;1
1553;44;mujer;0;5;18;0
1554;44;mujer;0;6;17;0
1555;44;mujer;0;7;26;1
1556;44;mujer;0;8;23;1
1557;44;mujer;0;9;8;0
1558;44;mujer;0;10;28;1
1559;44;mujer;0;11;22;1
1560;44;mujer;0;12;20;1
1561;44;mujer;0;13;18;0
1562;44;mujer;0;14;23;1
1563;44;mujer;0;15;24;1
1564;44;mujer;0;16;19;0
1565;44;mujer;0;17;23;1
1566;44;mujer;0;18;22;1
1567;44;mujer;1;19;33;1
1568;44;mujer;1;20;22;1
1569;44;mujer;1;21;27;1
1570;44;mujer;1;22;20;1
1571;44;mujer;1;23;28;1
1572;44;mujer;1;24;21;1
1573;44;mujer;1;25;23;1
1574;44;mujer;1;26;25;1
1575;44;mujer;1;27;20;1
1576;44;mujer;1;28;20;1
1577;44;mujer;1;29;27;1
1578;44;mujer;1;30;21;1
1579;44;mujer;1;31;23;1
1580;44;mujer;1;32;19;0
1581;44;mujer;1;33;23;1
1582;44;mujer;1;34;20;1
1583;44;mujer;1;35;21;1
1584;44;mujer;1;36;29;1
1585;45;mujer;0;1;23;1
1586;45;mujer;0;2;13;0
1587;45;mujer;0;3;24;1
1588;45;mujer;0;4;19;0
1589;45;mujer;0;5;20;1
1590;45;mujer;0;6;16;0
1591;45;mujer;0;7;19;0
1592;45;mujer;0;8;17;0
1593;45;mujer;0;9;11;0
1594;45;mujer;0;10;16;0
1595;45;mujer;0;11;21;1
1596;45;mujer;0;12;16;0
1597;45;mujer;0;13;12;0
1598;45;mujer;0;14;13;0
1599;45;mujer;0;15;13;0
1600;45;mujer;0;16;20;1
1601;45;mujer;0;17;14;0
1602;45;mujer;0;18;12;0
1603;45;mujer;1;19;22;1
1604;45;mujer;1;20;19;0
1605;45;mujer;1;21;17;0
1606;45;mujer;1;22;24;1
1607;45;mujer;1;23;19;0
1608;45;mujer;1;24;18;0
1609;45;mujer;1;25;10;0
1610;45;mujer;1;26;19;0
1611;45;mujer;1;27;21;1
1612;45;mujer;1;28;17;0
1613;45;mujer;1;29;22;1
1614;45;mujer;1;30;20;1
1615;45;mujer;1;31;17;0
1616;45;mujer;1;32;17;0
1617;45;mujer;1;33;12;0
1618;45;mujer;1;34;16;0
1619;45;mujer;1;35;12;0
1620;45;mujer;1;36;19;0
1621;46;mujer;0;1;30;1
1622;46;mujer;0;2;20;1
1623;46;mujer;0;3;22;1
1624;46;mujer;0;4;22;1
1625;46;mujer;0;5;21;1
1626;46;mujer;0;6;17;0
1627;46;mujer;0;7;22;1
1628;46;mujer;0;8;15;0
1629;46;mujer;0;9;12;0
1630;46;mujer;0;10;24;1
1631;46;mujer;0;11;19;0
1632;46;mujer;0;12;17;0
1633;46;mujer;0;13;11;0
1634;46;mujer;0;14;18;0
1635;46;mujer;0;15;26;1
1636;46;mujer;0;16;20;1
1637;46;mujer;0;17;22;1
1638;46;mujer;0;18;11;0
1639;46;mujer;1;19;26;1
1640;46;mujer;1;20;17;0
1641;46;mujer;1;21;27;1
1642;46;mujer;1;22;24;1
1643;46;mujer;1;23;26;1
1644;46;mujer;1;24;24;1
1645;46;mujer;1;25;11;0
1646;46;mujer;1;26;23;1
1647;46;mujer;1;27;21;1
1648;46;mujer;1;28;17;0
1649;46;mujer;1;29;20;1
1650;46;mujer;1;30;19;0
1651;46;mujer;1;31;24;1
1652;46;mujer;1;32;22;1
1653;46;mujer;1;33;23;1
1654;46;mujer;1;34;17;0
1655;46;mujer;1;35;17;0
1656;46;mujer;1;36;14;0
1657;47;mujer;0;1;21;1
1658;47;mujer;0;2;21;1
1659;47;mujer;0;3;21;1
1660;47;mujer;0;4;20;1
1661;47;mujer;0;5;13;0
1662;47;mujer;0;6;18;0
1663;47;mujer;0;7;15;0
1664;47;mujer;0;8;20;1
1665;47;mujer;0;9;14;0
1666;47;mujer;0;10;21;1
1667;47;mujer;0;11;25;1
1668;47;mujer;0;12;15;0
1669;47;mujer;0;13;21;1
1670;47;mujer;0;14;16;0
1671;47;mujer;0;15;22;1
1672;47;mujer;0;16;19;0
1673;47;mujer;0;17;23;1
1674;47;mujer;0;18;13;0
1675;47;mujer;1;19;26;1
1676;47;mujer;1;20;19;0
1677;47;mujer;1;21;25;1
1678;47;mujer;1;22;17;0
1679;47;mujer;1;23;24;1
1680;47;mujer;1;24;23;1
1681;47;mujer;1;25;14;0
1682;47;mujer;1;26;24;1
1683;47;mujer;1;27;20;1
1684;47;mujer;1;28;14;0
1685;47;mujer;1;29;23;1
1686;47;mujer;1;30;18;0
1687;47;mujer;1;31;21;1
1688;47;mujer;1;32;20;1
1689;47;mujer;1;33;24;1
1690;47;mujer;1;34;16;0
1691;47;mujer;1;35;16;0
1692;47;mujer;1;36;21;1
1693;48;mujer;0;1;27;1
1694;48;mujer;0;2;18;0
1695;48;mujer;0;3;20;1
1696;48;mujer;0;4;13;0
1697;48;mujer;0;5;22;1
1698;48;mujer;0;6;17;0
1699;48;mujer;0;7;23;1
1700;48;mujer;0;8;20;1
1701;48;mujer;0;9;9;0
1702;48;mujer;0;10;26;1
1703;48;mujer;0;11;21;1
1704;48;mujer;0;12;19;0
1705;48;mujer;0;13;20;1
1706;48;mujer;0;14;18;0
1707;48;mujer;0;15;13;0
1708;48;mujer;0;16;22;1
1709;48;mujer;0;17;17;0
1710;48;mujer;0;18;19;0
1711;48;mujer;1;19;27;1
1712;48;mujer;1;20;21;1
1713;48;mujer;1;21;26;1
1714;48;mujer;1;22;22;1
1715;48;mujer;1;23;20;1
1716;48;mujer;1;24;21;1
1717;48;mujer;1;25;23;1
1718;48;mujer;1;26;23;1
1719;48;mujer;1;27;25;1
1720;48;mujer;1;28;20;1
1721;48;mujer;1;29;16;0
1722;48;mujer;1;30;12;0
1723;48;mujer;1;31;19;0
1724;48;mujer;1;32;18;0
1725;48;mujer;1;33;24;1
1726;48;mujer;1;34;17;0
1727;48;mujer;1;35;19;0
1728;48;mujer;1;36;20;1
1729;49;mujer;0;1;21;1
1730;49;mujer;0;2;28;1
1731;49;mujer;0;3;22;1
1732;49;mujer;0;4;17;0
1733;49;mujer;0;5;16;0
1734;49;mujer;0;6;23;1
1735;49;mujer;0;7;24;1
1736;49;mujer;0;8;16;0
1737;49;mujer;0;9;12;0
1738;49;mujer;0;10;20;1
1739;49;mujer;0;11;25;1
1740;49;mujer;0;12;21;1
1741;49;mujer;0;13;21;1
1742;49;mujer;0;14;17;0
1743;49;mujer;0;15;20;1
1744;49;mujer;0;16;16;0
1745;49;mujer;0;17;23;1
1746;49;mujer;0;18;18;0
1747;49;mujer;1;19;33;1
1748;49;mujer;1;20;26;1
1749;49;mujer;1;21;24;1
1750;49;mujer;1;22;21;1
1751;49;mujer;1;23;27;1
1752;49;mujer;1;24;24;1
1753;49;mujer;1;25;22;1
1754;49;mujer;1;26;28;1
1755;49;mujer;1;27;24;1
1756;49;mujer;1;28;22;1
1757;49;mujer;1;29;22;1
1758;49;mujer;1;30;25;1
1759;49;mujer;1;31;27;1
1760;49;mujer;1;32;28;1
1761;49;mujer;1;33;25;1
1762;49;mujer;1;34;23;1
1763;49;mujer;1;35;20;1
1764;49;mujer;1;36;19;0
1765;50;mujer;0;1;27;1
1766;50;mujer;0;2;20;1
1767;50;mujer;0;3;27;1
1768;50;mujer;0;4;16;0
1769;50;mujer;0;5;13;0
1770;50;mujer;0;6;21;1
1771;50;mujer;0;7;30;1
1772;50;mujer;0;8;17;0
1773;50;mujer;0;9;14;0
1774;50;mujer;0;10;21;1
1775;50;mujer;0;11;23;1
1776;50;mujer;0;12;18;0
1777;50;mujer;0;13;15;0
1778;50;mujer;0;14;16;0
1779;50;mujer;0;15;21;1
1780;50;mujer;0;16;21;1
1781;50;mujer;0;17;23;1
1782;50;mujer;0;18;17;0
1783;50;mujer;1;19;29;1
1784;50;mujer;1;20;15;0
1785;50;mujer;1;21;21;1
1786;50;mujer;1;22;16;0
1787;50;mujer;1;23;22;1
1788;50;mujer;1;24;24;1
1789;50;mujer;1;25;23;1
1790;50;mujer;1;26;24;1
1791;50;mujer;1;27;18;0
1792;50;mujer;1;28;23;1
1793;50;mujer;1;29;19;0
1794;50;mujer;1;30;21;1
1795;50;mujer;1;31;22;1
1796;50;mujer;1;32;20;1
1797;50;mujer;1;33;16;0
1798;50;mujer;1;34;20;1
1799;50;mujer;1;35;26;1
1800;50;mujer;1;36;17;0